<?xml version="1.0" encoding="UTF-8"?>
<project-private xmlns="http://www.netbeans.org/ns/project-private/1">
    <editor-bookmarks xmlns="http://www.netbeans.org/ns/editor-bookmarks/1"/>
    <editor-bookmarks xmlns="http://www.netbeans.org/ns/editor-bookmarks/2" lastBookmarkId="0"/>
    <open-files xmlns="http://www.netbeans.org/ns/projectui-open-files/2">
        <group>
            <file>file:/C:/Users/gianf/OneDrive/Documentos/DAM_2/ServYProc/T5/E5/PSP05_CONT_R40_ServidorHTTP/Alvarez_Valencia_Gianfranco_PSP05_Tarea/src/PaquetePrincipal/Mensajes.java</file>
            <file>file:/C:/Users/gianf/OneDrive/Documentos/DAM_2/ServYProc/T5/E5/PSP05_CONT_R40_ServidorHTTP/Alvarez_Valencia_Gianfranco_PSP05_Tarea/src/PaquetePrincipal/ServidorHTTP.java</file>
            <file>file:/C:/Users/gianf/OneDrive/Documentos/DAM_2/ServYProc/T5/E5/PSP05_CONT_R40_ServidorHTTP/Alvarez_Valencia_Gianfranco_PSP05_Tarea/src/PaquetePrincipal/Paginas.java</file>
        </group>
    </open-files>
</project-private>
